<?xml version="1.0"?>
<doc>
    <assembly>
        <name>Skybrud.Social.BitBucket</name>
    </assembly>
    <members>
        <member name="P:Skybrud.Social.BitBucket.BitBucketService.Client">
            <summary>
            Gets a reference to the OAuth client used for communicating with the BitBucket API.
            </summary>
        </member>
        <member name="P:Skybrud.Social.BitBucket.BitBucketService.Branches">
            <summary>
            Gets a reference to the branches endpoint.
            </summary>
        </member>
        <member name="P:Skybrud.Social.BitBucket.BitBucketService.User">
            <summary>
            Gets a reference to the user endpoint.
            </summary>
        </member>
        <member name="P:Skybrud.Social.BitBucket.BitBucketService.Users">
            <summary>
            Gets a reference to the users endpoint.
            </summary>
        </member>
        <member name="P:Skybrud.Social.BitBucket.BitBucketService.Repositories">
            <summary>
            Gets a reference to the repositories endpoint.
            </summary>
        </member>
        <member name="M:Skybrud.Social.BitBucket.BitBucketService.CreateFromConsumerKey(System.String,System.String)">
            <summary>
            Initializes a service reference based on the specified consumer key
            and consumer secret. This will create an API reference without a
            user context.
            </summary>
            <param name="consumerKey">The consumer key.</param>
            <param name="consumerSecret">The consumer secret.</param>
        </member>
        <member name="M:Skybrud.Social.BitBucket.BitBucketService.CreateFromAccessToken(System.String,System.String,System.String,System.String)">
            <summary>
            Initializes a service reference based on the specified consumer key
            and access token.
            </summary>
            <param name="consumerKey">The consumer key.</param>
            <param name="consumerSecret">The consumer secret.</param>
            <param name="accessToken">The access token.</param>
            <param name="accessTokenSecret">The acess token secret.</param>
        </member>
        <member name="M:Skybrud.Social.BitBucket.BitBucketService.CreateFromOAuthClient(Skybrud.Social.OAuth.SocialOAuthClient)">
            <summary>
            Initialize a service reference based on the specified OAuth client.
            </summary>
            <param name="client">The OAuth client.</param>
        </member>
        <member name="T:Skybrud.Social.BitBucket.Endpoints.BitBucketBranchesEndpoint">
            <summary>
            Class representing the branches endpoint in the BitBucket API.
            </summary>
        </member>
        <member name="P:Skybrud.Social.BitBucket.Endpoints.BitBucketBranchesEndpoint.Service">
            <summary>
            Gets a reference to the BitBucket service.
            </summary>
        </member>
        <member name="P:Skybrud.Social.BitBucket.Endpoints.BitBucketBranchesEndpoint.Raw">
            <summary>
            Gets a reference to the raw branches endpoint.
            </summary>
        </member>
        <member name="M:Skybrud.Social.BitBucket.Endpoints.BitBucketBranchesEndpoint.GetBranch(System.String,System.String,System.String)">
            <summary>
            Gets information about the branch matching the specified <paramref name="username"/>,
            <paramref name="repoSlug"/> and branch <paramref name="name"/>.
            </summary>
            <param name="username">The username of the user/organisation owning the repository.</param>
            <param name="repoSlug">The alias/slug of the repository.</param>
            <param name="name">The name of the branch.</param>
            <returns>An instance of <see cref="T:Skybrud.Social.BitBucket.Responses.Branches.BitBucketGetBranchResponse"/> representing the response.</returns>
        </member>
        <member name="M:Skybrud.Social.BitBucket.Endpoints.BitBucketBranchesEndpoint.GetBranches(System.String,System.String)">
            <summary>
            Gets a list of branches of the repository matching the specified <paramref name="username"/> and
            <paramref name="repoSlug"/>.
            </summary>
            <param name="username">The username of the user/organisation owning the repository.</param>
            <param name="repoSlug">The alias/slug of the repository.</param>
            <returns>An instance of <see cref="T:Skybrud.Social.BitBucket.Responses.Branches.BitBucketGetBranchesResponse"/> representing the response.</returns>
        </member>
        <member name="M:Skybrud.Social.BitBucket.Endpoints.BitBucketBranchesEndpoint.GetBranches(Skybrud.Social.BitBucket.Options.Branches.BitBucketGetBranchesOptions)">
            <summary>
            Gets a list of branches of the repository matching the <paramref name="options"/>.
            </summary>
            <param name="options">The options for the request to the API.</param>
            <returns>An instance of <see cref="T:Skybrud.Social.BitBucket.Responses.Branches.BitBucketGetBranchesResponse"/> representing the response.</returns>
        </member>
        <member name="T:Skybrud.Social.BitBucket.Endpoints.BitBucketRepositoriesEndpoint">
            <summary>
            Class representing the repositories endpoint in the BitBucket API.
            </summary>
        </member>
        <member name="P:Skybrud.Social.BitBucket.Endpoints.BitBucketRepositoriesEndpoint.Service">
            <summary>
            Gets a reference to the BitBucket service.
            </summary>
        </member>
        <member name="P:Skybrud.Social.BitBucket.Endpoints.BitBucketRepositoriesEndpoint.Raw">
            <summary>
            Gets a reference to the raw repositories endpoint.
            </summary>
        </member>
        <member name="M:Skybrud.Social.BitBucket.Endpoints.BitBucketRepositoriesEndpoint.GetChangesets(System.String,System.String,System.Int32,System.String)">
            <summary>
            Gets a list of change sets associated with a repository. By default, this call returns the 15 most recent
            changesets. It also returns the count which is the total number of changesets on the repository. Private
            repositories require the caller to authenticate.
            </summary>
            <param name="accountName">The team or individual account owning the repo.</param>
            <param name="repoSlug">The repo identifier.</param>
            <param name="limit">An integer representing how many changesets to return. You can specify a limit between
            0 and 50. If you specify 0 (zero), the system returns the <code>count</code> but returns empty values for
            the remaining fields.</param>
            <param name="start">A hash value representing the earliest node to start with. The system starts with the
            specified node and includes the older requests that preceded it. The Bitbucket GUI lists the nodes on the
            <b>Commit</b> tab. The default <code>start</code> value is the tip.</param>
        </member>
        <member name="M:Skybrud.Social.BitBucket.Endpoints.BitBucketRepositoriesEndpoint.GetCommits(System.String,System.String,System.Int32)">
            <summary>
            Gets the commit information associated with a repository. By default, this call returns all the commits
            across all branches, bookmarks, and tags. The newest commit is first.
            </summary>
            <param name="accountName">The team or individual account owning the repo.</param>
            <param name="repoSlug">The repo identifier.</param>
            <param name="page">The page.</param>
        </member>
        <member name="M:Skybrud.Social.BitBucket.Endpoints.BitBucketRepositoriesEndpoint.GetCommits(System.String,System.String,Skybrud.Social.BitBucket.Options.BitBucketCommitsOptions)">
            <summary>
            Gets the commit information associated with a repository. By default, this call returns all the commits
            across all branches, bookmarks, and tags. The newest commit is first.
            </summary>
            <param name="accountName">The team or individual account owning the repo.</param>
            <param name="repoSlug">The repo identifier.</param>
            <param name="options">The options for the call to the API.</param>
        </member>
        <member name="M:Skybrud.Social.BitBucket.Endpoints.BitBucketRepositoriesEndpoint.GetCommit(System.String,System.String,System.String)">
            <summary>
            Gets the information associated with an individual commit.
            </summary>
            <param name="accountName">The team or individual account owning the repo.</param>
            <param name="repoSlug">The repo identifier.</param>
            <param name="revision">A SHA value for the commit. You can also specify a branch name, a bookmark, or tag.
            If you do Bitbucket responds with the commit that the revision points. For example, if you supply a branch
            name this returns the branch tip (or head).</param>
        </member>
        <member name="M:Skybrud.Social.BitBucket.Endpoints.BitBucketRepositoriesEndpoint.GetRepositories(System.String)">
            <summary>
            Gets a list of repositories of the user with the specified <paramref name="username"/>.
            </summary>
            <param name="username">The username of the user.</param>
            <returns>An instance of <see cref="T:Skybrud.Social.BitBucket.Responses.Repositories.BitBucketGetRepositoriesResponse"/> representing the response.</returns>
        </member>
        <member name="M:Skybrud.Social.BitBucket.Endpoints.BitBucketRepositoriesEndpoint.GetRepositories(Skybrud.Social.BitBucket.Options.Repositories.BitBucketGetRepositoriesOptions)">
            <summary>
            Gets a list of repositories of the user matching the specified <paramref name="options"/>.
            </summary>
            <param name="options">The options for the call to the API.</param>
            <returns>An instance of <see cref="T:Skybrud.Social.BitBucket.Responses.Repositories.BitBucketGetRepositoriesResponse"/> representing the response.</returns>
        </member>
        <member name="P:Skybrud.Social.BitBucket.Endpoints.BitBucketUserEndpoint.Service">
            <summary>
            Gets a reference to the BitBucket service.
            </summary>
        </member>
        <member name="P:Skybrud.Social.BitBucket.Endpoints.BitBucketUserEndpoint.Raw">
            <summary>
            Gets a reference to the raw user endpoint.
            </summary>
        </member>
        <member name="M:Skybrud.Social.BitBucket.Endpoints.BitBucketUserEndpoint.GetInfo">
            <summary>
            Gets information about the authenticated user.
            </summary>
            <returns>Returns an instance of <see cref="T:Skybrud.Social.BitBucket.Responses.Users.BitBucketGetUserResponse"/> representing the response.</returns>
        </member>
        <member name="M:Skybrud.Social.BitBucket.Endpoints.BitBucketUserEndpoint.GetEmails">
            <summary>
            Gets a list of emails of the authenticated user.
            </summary>
            <returns>Returns an instance of <see cref="T:Skybrud.Social.BitBucket.Responses.Users.BitBucketGetUserEmailsResponse"/> representing the response.</returns>
        </member>
        <member name="M:Skybrud.Social.BitBucket.Endpoints.BitBucketUserEndpoint.GetEmails(System.Int32)">
            <summary>
            Gets a list of email addresses of the authenticated user.
            </summary>
            <param name="page">The page to be returned.</param>
            <returns>Returns an instance of <see cref="T:Skybrud.Social.BitBucket.Responses.Users.BitBucketGetUserEmailsResponse"/> representing the raw response.</returns>
        </member>
        <member name="M:Skybrud.Social.BitBucket.Endpoints.BitBucketUserEndpoint.GetEmails(System.Int32,System.Int32)">
            <summary>
            Gets a list of email addresses of the authenticated user.
            </summary>
            <param name="page">The page to be returned.</param>
            <param name="pageLength">The maximum amount of email addresses to be returned by each page.</param>
            <returns>Returns an instance of <see cref="T:Skybrud.Social.BitBucket.Responses.Users.BitBucketGetUserEmailsResponse"/> representing the raw response.</returns>
        </member>
        <member name="P:Skybrud.Social.BitBucket.Endpoints.BitBucketUsersEndpoint.Service">
            <summary>
            Gets a reference to the BitBucket service.
            </summary>
        </member>
        <member name="P:Skybrud.Social.BitBucket.Endpoints.BitBucketUsersEndpoint.Raw">
            <summary>
            Gets a reference to the raw users endpoint.
            </summary>
        </member>
        <member name="M:Skybrud.Social.BitBucket.Endpoints.BitBucketUsersEndpoint.GetInfo(System.String)">
            <summary>
            Gets information about the user with the specified <code>username</code>.
            </summary>
            <param name="username">The username of the user.</param>
        </member>
        <member name="P:Skybrud.Social.BitBucket.Endpoints.Raw.BitBucketRepositoriesRawEndpoint.Client">
            <summary>
            Gets a reference to the BitBucket OAuth client.
            </summary>
        </member>
        <member name="M:Skybrud.Social.BitBucket.Endpoints.Raw.BitBucketRepositoriesRawEndpoint.GetChangesets(System.String,System.String,System.Int32,System.String)">
            <summary>
            Gets a list of change sets associated with a repository. By default, this call returns the 15 most recent
            changesets. It also returns the count which is the total number of changesets on the repository. Private
            repositories require the caller to authenticate.
            </summary>
            <param name="accountName">The team or individual account owning the repo.</param>
            <param name="repoSlug">The repo identifier.</param>
            <param name="limit">An integer representing how many changesets to return. You can specify a limit between
            0 and 50. If you specify 0 (zero), the system returns the <code>count</code> but returns empty values for
            the remaining fields.</param>
            <param name="start">A hash value representing the earliest node to start with. The system starts with the
            specified node and includes the older requests that preceded it. The Bitbucket GUI lists the nodes on the
            <b>Commit</b> tab. The default <code>start</code> value is the tip.</param>
        </member>
        <member name="M:Skybrud.Social.BitBucket.Endpoints.Raw.BitBucketRepositoriesRawEndpoint.GetCommits(System.String,System.String,System.Int32)">
            <summary>
            Gets the commit information associated with a repository. By default, this call returns all the commits
            across all branches, bookmarks, and tags. The newest commit is first.
            </summary>
            <param name="accountName">The team or individual account owning the repo.</param>
            <param name="repoSlug">The repo identifier.</param>
            <param name="page">The page.</param>
        </member>
        <member name="M:Skybrud.Social.BitBucket.Endpoints.Raw.BitBucketRepositoriesRawEndpoint.GetCommits(System.String,System.String,Skybrud.Social.BitBucket.Options.BitBucketCommitsOptions)">
            <summary>
            Gets the commit information associated with a repository. By default, this call returns all the commits
            across all branches, bookmarks, and tags. The newest commit is first.
            </summary>
            <param name="accountName">The team or individual account owning the repo.</param>
            <param name="repoSlug">The repo identifier.</param>
            <param name="options">The options for the call to the API.</param>
        </member>
        <member name="M:Skybrud.Social.BitBucket.Endpoints.Raw.BitBucketRepositoriesRawEndpoint.GetCommit(System.String,System.String,System.String)">
            <summary>
            Gets the information associated with an individual commit.
            </summary>
            <param name="accountName">The team or individual account owning the repo.</param>
            <param name="repoSlug">The repo identifier.</param>
            <param name="revision">A SHA value for the commit. You can also specify a branch name, a bookmark, or tag.
            If you do Bitbucket responds with the commit that the revision points. For example, if you supply a branch
            name this returns the branch tip (or head).</param>
        </member>
        <member name="M:Skybrud.Social.BitBucket.Endpoints.Raw.BitBucketRepositoriesRawEndpoint.GetRepositories(System.String)">
            <summary>
            Gets a list of repositories of the user with the specified <paramref name="username"/>.
            </summary>
            <param name="username">The username of the user.</param>
            <returns>An instance of <see cref="T:Skybrud.Social.Http.SocialHttpResponse"/> representing the raw response.</returns>
            <see>
                <cref>https://developer.atlassian.com/bitbucket/api/2/reference/resource/repositories/%7Busername%7D</cref>
            </see>
        </member>
        <member name="M:Skybrud.Social.BitBucket.Endpoints.Raw.BitBucketRepositoriesRawEndpoint.GetRepositories(Skybrud.Social.BitBucket.Options.Repositories.BitBucketGetRepositoriesOptions)">
            <summary>
            Gets a list of repositories of the user matching the specified <paramref name="options"/>.
            </summary>
            <param name="options">The options for the call to the API.</param>
            <returns>An instance of <see cref="T:Skybrud.Social.Http.SocialHttpResponse"/> representing the raw response.</returns>
            <see>
                <cref>https://developer.atlassian.com/bitbucket/api/2/reference/resource/repositories/%7Busername%7D</cref>
            </see>
        </member>
        <member name="T:Skybrud.Social.BitBucket.Endpoints.Raw.BitBucketBranchesRawEndpoint">
            <summary>
            Class representing the raw branches endpoint.
            </summary>
        </member>
        <member name="P:Skybrud.Social.BitBucket.Endpoints.Raw.BitBucketBranchesRawEndpoint.Client">
            <summary>
            Gets a reference to the BitBucket OAuth client.
            </summary>
        </member>
        <member name="M:Skybrud.Social.BitBucket.Endpoints.Raw.BitBucketBranchesRawEndpoint.GetBranch(System.String,System.String,System.String)">
            <summary>
            Gets information about the branch matching the specified <paramref name="username"/>,
            <paramref name="repoSlug"/> and branch <paramref name="name"/>.
            </summary>
            <param name="username">The username of the user/organisation owning the repository.</param>
            <param name="repoSlug">The alias/slug of the repository.</param>
            <param name="name">The name of the branch.</param>
            <returns>An instance of <see cref="T:Skybrud.Social.Http.SocialHttpResponse"/> representing the raw response.</returns>
        </member>
        <member name="M:Skybrud.Social.BitBucket.Endpoints.Raw.BitBucketBranchesRawEndpoint.GetBranches(System.String,System.String)">
            <summary>
            Gets a list of branches of the repository matching the specified <paramref name="username"/> and
            <paramref name="repoSlug"/>.
            </summary>
            <param name="username">The username of the user/organisation owning the repository.</param>
            <param name="repoSlug">The alias/slug of the repository.</param>
            <returns>An instance of <see cref="T:Skybrud.Social.Http.SocialHttpResponse"/> representing the raw response.</returns>
        </member>
        <member name="M:Skybrud.Social.BitBucket.Endpoints.Raw.BitBucketBranchesRawEndpoint.GetBranches(Skybrud.Social.BitBucket.Options.Branches.BitBucketGetBranchesOptions)">
            <summary>
            Gets a list of branches of the repository matching the <paramref name="options"/>.
            </summary>
            <param name="options">The options for the request to the API.</param>
            <returns>An instance of <see cref="T:Skybrud.Social.Http.SocialHttpResponse"/> representing the raw response.</returns>
        </member>
        <member name="P:Skybrud.Social.BitBucket.Endpoints.Raw.BitBucketUserRawEndpoint.Client">
            <summary>
            Gets a reference to the BitBucket OAuth client.
            </summary>
        </member>
        <member name="M:Skybrud.Social.BitBucket.Endpoints.Raw.BitBucketUserRawEndpoint.GetInfo">
            <summary>
            Gets information about the authenticated user.
            </summary>
            <returns>Returns an instance of <see cref="T:Skybrud.Social.Http.SocialHttpResponse"/> representing the raw response.</returns>
            <see>
                <cref>https://confluence.atlassian.com/bitbucket/user-endpoint-2-0-744527199.html#userendpoint2.0-GETauserprofile</cref>
            </see>
        </member>
        <member name="M:Skybrud.Social.BitBucket.Endpoints.Raw.BitBucketUserRawEndpoint.GetEmails">
            <summary>
            Gets a list of up to the first <code>10</code> email addresses of the authenticated user.
            </summary>
            <returns>Returns an instance of <see cref="T:Skybrud.Social.Http.SocialHttpResponse"/> representing the raw response.</returns>
            <see>
                <cref>https://confluence.atlassian.com/bitbucket/user-endpoint-2-0-744527199.html#userendpoint2.0-GETemailforauser</cref>
            </see>
        </member>
        <member name="M:Skybrud.Social.BitBucket.Endpoints.Raw.BitBucketUserRawEndpoint.GetEmails(System.Int32)">
            <summary>
            Gets a list of email addresses of the authenticated user.
            </summary>
            <param name="page">The page to be returned.</param>
            <returns>Returns an instance of <see cref="T:Skybrud.Social.Http.SocialHttpResponse"/> representing the raw response.</returns>
            <see>
                <cref>https://confluence.atlassian.com/bitbucket/user-endpoint-2-0-744527199.html#userendpoint2.0-GETemailforauser</cref>
            </see>
        </member>
        <member name="M:Skybrud.Social.BitBucket.Endpoints.Raw.BitBucketUserRawEndpoint.GetEmails(System.Int32,System.Int32)">
            <summary>
            Gets a list of email addresses of the authenticated user.
            </summary>
            <param name="page">The page to be returned.</param>
            <param name="pageLength">The maximum amount of email addresses to be returned by each page.</param>
            <returns>Returns an instance of <see cref="T:Skybrud.Social.Http.SocialHttpResponse"/> representing the raw response.</returns>
            <see>
                <cref>https://confluence.atlassian.com/bitbucket/user-endpoint-2-0-744527199.html#userendpoint2.0-GETemailforauser</cref>
            </see>
        </member>
        <member name="M:Skybrud.Social.BitBucket.Endpoints.Raw.BitBucketUserRawEndpoint.GetRepositories">
            <summary>
            Gets a list of repositories of the authenticated user.
            </summary>
        </member>
        <member name="P:Skybrud.Social.BitBucket.Endpoints.Raw.BitBucketUsersRawEndpoint.Client">
            <summary>
            Gets a reference to the BitBucket OAuth client.
            </summary>
        </member>
        <member name="M:Skybrud.Social.BitBucket.Endpoints.Raw.BitBucketUsersRawEndpoint.GetInfo(System.String)">
            <summary>
            Gets information about the user with the specified <code>username</code>.
            </summary>
            <param name="username">The username of the user.</param>
            <returns>Returns an instance of <see cref="T:Skybrud.Social.Http.SocialHttpResponse"/> representing the response from the BitBucket API.</returns>
            <see>
                <cref>https://confluence.atlassian.com/bitbucket/users-endpoint-423626336.html#usersEndpoint-GETtheuserprofile</cref>
            </see>
        </member>
        <member name="P:Skybrud.Social.BitBucket.Exceptions.BitBucketException.Response">
            <summary>
            Gets a reference to the underlying <code>SocialHttpResponse</code>.
            </summary>
        </member>
        <member name="P:Skybrud.Social.BitBucket.Exceptions.BitBucketException.StatusCode">
            <summary>
            Gets the HTTP status code returned by the BitBucket API.
            </summary>
        </member>
        <member name="T:Skybrud.Social.BitBucket.Models.Branches.BitBucketBranch">
            <summary>
            Class representing a branch of a BitBucket repository.
            </summary>
        </member>
        <member name="P:Skybrud.Social.BitBucket.Models.Branches.BitBucketBranch.Type">
            <summary>
            Gets the type of the branch/object. Probably always returns <code>branch</code>.
            </summary>
        </member>
        <member name="P:Skybrud.Social.BitBucket.Models.Branches.BitBucketBranch.Name">
            <summary>
            Gets the name of the branch.
            </summary>
        </member>
        <member name="P:Skybrud.Social.BitBucket.Models.Branches.BitBucketBranch.Links">
            <summary>
            Gets a collection of URLs related to the branch.
            </summary>
        </member>
        <member name="M:Skybrud.Social.BitBucket.Models.Branches.BitBucketBranch.Parse(Newtonsoft.Json.Linq.JObject)">
            <summary>
            Parses the specified <paramref name="obj"/> into an instance of <see cref="T:Skybrud.Social.BitBucket.Models.Branches.BitBucketBranch"/>.
            </summary>
            <param name="obj">The instance of <see cref="T:Newtonsoft.Json.Linq.JObject"/> to be parsed.</param>
            <returns>An instance of <see cref="T:Skybrud.Social.BitBucket.Models.Branches.BitBucketBranch"/>.</returns>
        </member>
        <member name="T:Skybrud.Social.BitBucket.Models.Branches.BitBucketBranchLinkCollection">
            <summary>
            Class representing the <code>links</code> object/collection of a BitBucket branch.
            </summary>
        </member>
        <member name="M:Skybrud.Social.BitBucket.Models.Branches.BitBucketBranchLinkCollection.Parse(Newtonsoft.Json.Linq.JObject)">
            <summary>
            Parses the specified <paramref name="obj"/> into an instance of <see cref="T:Skybrud.Social.BitBucket.Models.Branches.BitBucketBranchLinkCollection"/>.
            </summary>
            <param name="obj">The instance of <see cref="T:Newtonsoft.Json.Linq.JObject"/> to be parsed.</param>
            <returns>An instance of <see cref="T:Skybrud.Social.BitBucket.Models.Branches.BitBucketBranchLinkCollection"/>.</returns>
        </member>
        <member name="T:Skybrud.Social.BitBucket.Models.Branches.BitBucketBranchesCollection">
            <summary>
            Class representing a collection of BitBucket branches.
            </summary>
        </member>
        <member name="P:Skybrud.Social.BitBucket.Models.Branches.BitBucketBranchesCollection.PageLength">
            <summary>
            Gets the maximum amount of branches per page.
            </summary>
        </member>
        <member name="P:Skybrud.Social.BitBucket.Models.Branches.BitBucketBranchesCollection.Page">
            <summary>
            Gets the current page.
            </summary>
        </member>
        <member name="P:Skybrud.Social.BitBucket.Models.Branches.BitBucketBranchesCollection.Size">
            <summary>
            Gets the total amount of branches.
            </summary>
        </member>
        <member name="P:Skybrud.Social.BitBucket.Models.Branches.BitBucketBranchesCollection.Values">
            <summary>
            Gets the branches on the current page.
            </summary>
        </member>
        <member name="M:Skybrud.Social.BitBucket.Models.Branches.BitBucketBranchesCollection.Parse(Newtonsoft.Json.Linq.JObject)">
            <summary>
            Parses the specified <paramref name="obj"/> into an instance of <see cref="T:Skybrud.Social.BitBucket.Models.Branches.BitBucketBranchesCollection"/>.
            </summary>
            <param name="obj">The instance of <see cref="T:Newtonsoft.Json.Linq.JObject"/> to be parsed.</param>
            <returns>An instance of <see cref="T:Skybrud.Social.BitBucket.Models.Branches.BitBucketBranchesCollection"/>.</returns>
        </member>
        <member name="T:Skybrud.Social.BitBucket.Models.Common.BitBucketSortOrder">
            <summary>
            Enum class representing the sort order of a collection.
            </summary>
            <see>
                <cref>https://developer.atlassian.com/bitbucket/api/2/reference/meta/filtering</cref>
            </see>
        </member>
        <member name="F:Skybrud.Social.BitBucket.Models.Common.BitBucketSortOrder.Ascending">
            <summary>
            Indicates that items should be sorted in descending order.
            </summary>
        </member>
        <member name="F:Skybrud.Social.BitBucket.Models.Common.BitBucketSortOrder.Descending">
            <summary>
            Indicates that items should be sorted in ascending order.
            </summary>
        </member>
        <member name="T:Skybrud.Social.BitBucket.Models.Repositories.BitBucketRepositoryOwner">
            <summary>
            Class representing an owner of a BitBucket repository.
            </summary>
        </member>
        <member name="P:Skybrud.Social.BitBucket.Models.Repositories.BitBucketRepositoryOwner.Username">
            <summary>
            Gets the username of the owner.
            </summary>
        </member>
        <member name="P:Skybrud.Social.BitBucket.Models.Repositories.BitBucketRepositoryOwner.DisplayName">
            <summary>
            Gets the display name of the owner.
            </summary>
        </member>
        <member name="P:Skybrud.Social.BitBucket.Models.Repositories.BitBucketRepositoryOwner.Type">
            <summary>
            Gets the type of the owner. Can be either <code>user</code> or <code>type</code>.
            </summary>
        </member>
        <member name="P:Skybrud.Social.BitBucket.Models.Repositories.BitBucketRepositoryOwner.Uuid">
            <summary>
            Gets the UUID of the owner.
            </summary>
        </member>
        <member name="M:Skybrud.Social.BitBucket.Models.Repositories.BitBucketRepositoryOwner.Parse(Newtonsoft.Json.Linq.JObject)">
            <summary>
            Parses the specified <paramref name="obj"/> into an instance of <see cref="T:Skybrud.Social.BitBucket.Models.Repositories.BitBucketRepositoryOwner"/>.
            </summary>
            <param name="obj">The instance of <see cref="T:Newtonsoft.Json.Linq.JObject"/> to be parsed.</param>
            <returns>An instance of <see cref="T:Skybrud.Social.BitBucket.Models.Repositories.BitBucketRepositoryOwner"/>.</returns>
        </member>
        <member name="T:Skybrud.Social.BitBucket.Models.Repositories.BitBucketRepository">
            <summary>
            Class representing a BitBucket repository.
            </summary>
        </member>
        <member name="P:Skybrud.Social.BitBucket.Models.Repositories.BitBucketRepository.Scm">
            <summary>
            Gets the type of the source control used by the repository.
            </summary>
        </member>
        <member name="P:Skybrud.Social.BitBucket.Models.Repositories.BitBucketRepository.Website">
            <summary>
            Gets the website URL (project site or similar) associated with the repository.
            </summary>
        </member>
        <member name="P:Skybrud.Social.BitBucket.Models.Repositories.BitBucketRepository.HasWebsite">
            <summary>
            Gets whether a website URL has been specified for the repository.
            </summary>
        </member>
        <member name="P:Skybrud.Social.BitBucket.Models.Repositories.BitBucketRepository.HasWiki">
            <summary>
            Gets whether a wiki has been enabled for the repository.
            </summary>
        </member>
        <member name="P:Skybrud.Social.BitBucket.Models.Repositories.BitBucketRepository.Name">
            <summary>
            Gets the name of the repository.
            </summary>
        </member>
        <member name="P:Skybrud.Social.BitBucket.Models.Repositories.BitBucketRepository.Uuid">
            <summary>
            Gets the UUID of the repository.
            </summary>
        </member>
        <member name="P:Skybrud.Social.BitBucket.Models.Repositories.BitBucketRepository.Language">
            <summary>
            Gets the primary language of the repository - eg. <code>c#</code>.
            </summary>
        </member>
        <member name="P:Skybrud.Social.BitBucket.Models.Repositories.BitBucketRepository.CreatedOn">
            <summary>
            Gets a timestamp for when the repository was created.
            </summary>
        </member>
        <member name="P:Skybrud.Social.BitBucket.Models.Repositories.BitBucketRepository.FullName">
            <summary>
            Gets the full name of the repository, which is a combination of the username of the parent user/organization and <see cref="P:Skybrud.Social.BitBucket.Models.Repositories.BitBucketRepository.Slug"/>.
            </summary>
        </member>
        <member name="P:Skybrud.Social.BitBucket.Models.Repositories.BitBucketRepository.HasIssues">
            <summary>
            Gets whether issues have been enabled for the repository.
            </summary>
        </member>
        <member name="P:Skybrud.Social.BitBucket.Models.Repositories.BitBucketRepository.Owner">
            <summary>
            Gets a reference to the user/organization owning the repository.
            </summary>
        </member>
        <member name="P:Skybrud.Social.BitBucket.Models.Repositories.BitBucketRepository.UpdatedOn">
            <summary>
            Gets a timestamp for when the repository was last updated.
            </summary>
        </member>
        <member name="P:Skybrud.Social.BitBucket.Models.Repositories.BitBucketRepository.Size">
            <summary>
            Gets the size of the repository.
            </summary>
        </member>
        <member name="P:Skybrud.Social.BitBucket.Models.Repositories.BitBucketRepository.Type">
            <summary>
            Gets the type of the repository. Most likely always <code>repository</code>.
            </summary>
        </member>
        <member name="P:Skybrud.Social.BitBucket.Models.Repositories.BitBucketRepository.Slug">
            <summary>
            Gets the slug of the repository.
            </summary>
        </member>
        <member name="P:Skybrud.Social.BitBucket.Models.Repositories.BitBucketRepository.IsPrivate">
            <summary>
            Gets whether the repository is private.
            </summary>
        </member>
        <member name="P:Skybrud.Social.BitBucket.Models.Repositories.BitBucketRepository.Description">
            <summary>
            Gets the description of the repository.
            </summary>
        </member>
        <member name="P:Skybrud.Social.BitBucket.Models.Repositories.BitBucketRepository.HasDescription">
            <summary>
            Gets whether a description has been specified for the repository.
            </summary>
        </member>
        <member name="M:Skybrud.Social.BitBucket.Models.Repositories.BitBucketRepository.Parse(Newtonsoft.Json.Linq.JObject)">
            <summary>
            Parses the specified <paramref name="obj"/> into an instance of <see cref="T:Skybrud.Social.BitBucket.Models.Repositories.BitBucketRepository"/>.
            </summary>
            <param name="obj">The instance of <see cref="T:Newtonsoft.Json.Linq.JObject"/> to be parsed.</param>
            <returns>An instance of <see cref="T:Skybrud.Social.BitBucket.Models.Repositories.BitBucketRepository"/>.</returns>
        </member>
        <member name="P:Skybrud.Social.BitBucket.Models.Repositories.BitBucketCommitsCollection.PageLength">
            <summary>
            Gets the amount of commits in the current page.
            </summary>
        </member>
        <member name="P:Skybrud.Social.BitBucket.Models.Repositories.BitBucketCommitsCollection.Values">
            <summary>
            Gets the commits on the current page.
            </summary>
        </member>
        <member name="P:Skybrud.Social.BitBucket.Models.Repositories.BitBucketCommitsCollection.Page">
            <summary>
            Gets the current page.
            </summary>
        </member>
        <member name="P:Skybrud.Social.BitBucket.Models.Repositories.BitBucketCommitsCollection.Next">
            <summary>
            A link for the next page (might not be specified).
            </summary>
        </member>
        <member name="P:Skybrud.Social.BitBucket.Models.Repositories.BitBucketCommitsCollection.HasNext">
            <summary>
            Whether there is a more pages.
            </summary>
        </member>
        <member name="T:Skybrud.Social.BitBucket.Models.Repositories.BitBucketRepositoriesCollection">
            <summary>
            Class representing a collection of BitBucket repositories.
            </summary>
        </member>
        <member name="P:Skybrud.Social.BitBucket.Models.Repositories.BitBucketRepositoriesCollection.PageLength">
            <summary>
            Gets the amount of repositories in the current page.
            </summary>
        </member>
        <member name="P:Skybrud.Social.BitBucket.Models.Repositories.BitBucketRepositoriesCollection.Values">
            <summary>
            Gets the repositories on the current page.
            </summary>
        </member>
        <member name="P:Skybrud.Social.BitBucket.Models.Repositories.BitBucketRepositoriesCollection.Page">
            <summary>
            Gets the current page.
            </summary>
        </member>
        <member name="P:Skybrud.Social.BitBucket.Models.Repositories.BitBucketRepositoriesCollection.Size">
            <summary>
            Gets the total amount of repositories.
            </summary>
        </member>
        <member name="M:Skybrud.Social.BitBucket.Models.Repositories.BitBucketRepositoriesCollection.GetEnumerator">
            <summary>
            Gets a reference to a enumerator for the repositories in the collection.
            </summary>
            <returns>An instance of <see cref="T:System.Collections.Generic.IEnumerator`1"/>.</returns>
        </member>
        <member name="M:Skybrud.Social.BitBucket.Models.Repositories.BitBucketRepositoriesCollection.Parse(Newtonsoft.Json.Linq.JObject)">
            <summary>
            Parses the specified <paramref name="obj"/> into an instance of <see cref="T:Skybrud.Social.BitBucket.Models.Repositories.BitBucketRepositoriesCollection"/>.
            </summary>
            <param name="obj">The instance of <see cref="T:Newtonsoft.Json.Linq.JObject"/> to be parsed.</param>
            <returns>An instance of <see cref="T:Skybrud.Social.BitBucket.Models.Repositories.BitBucketRepositoriesCollection"/>.</returns>
        </member>
        <member name="P:Skybrud.Social.BitBucket.Models.BitBucketAuthorUser.Username">
            <summary>
            The username of the user.
            </summary>
        </member>
        <member name="P:Skybrud.Social.BitBucket.Models.BitBucketAuthorUser.DisplayName">
            <summary>
            The display name of the user.
            </summary>
        </member>
        <member name="P:Skybrud.Social.BitBucket.Models.BitBucketAuthorUser.Links">
            <summary>
            A collection of links related to the user.
            </summary>
        </member>
        <member name="P:Skybrud.Social.BitBucket.Models.BitBucketAuthorUser.LinkSelf">
            <summary>
            A link poiting to the user's profile in the API.
            </summary>
        </member>
        <member name="P:Skybrud.Social.BitBucket.Models.BitBucketAuthorUser.LinkHtml">
            <summary>
            A link pointing to the user's profile at the BitBucket website.
            </summary>
        </member>
        <member name="P:Skybrud.Social.BitBucket.Models.BitBucketChangeset.Node">
            <summary>
            Unique ID for the changeset – this is an abbreviated SHA code.
            </summary>
        </member>
        <member name="P:Skybrud.Social.BitBucket.Models.BitBucketChangeset.RawAuthor">
            <summary>
            The username defined locally and included in the commit passed to the Bitbucket service.
            </summary>
        </member>
        <member name="P:Skybrud.Social.BitBucket.Models.BitBucketChangeset.Timestamp">
            <summary>
            Universal time stamp applied to the change.
            </summary>
        </member>
        <member name="P:Skybrud.Social.BitBucket.Models.BitBucketChangeset.Author">
            <summary>
            The Bitbucket account associated with the changeset.
            </summary>
        </member>
        <member name="P:Skybrud.Social.BitBucket.Models.BitBucketChangeset.RawNode">
            <summary>
            A forty-character changeset hash – this is the unabbreviated SHA value.
            </summary>
        </member>
        <member name="P:Skybrud.Social.BitBucket.Models.BitBucketChangeset.Message">
            <summary>
            The commit message.
            </summary>
        </member>
        <member name="P:Skybrud.Social.BitBucket.Models.BitBucketCommit.Hash">
            <summary>
            The SHA hash identifying the commit.
            </summary>
        </member>
        <member name="P:Skybrud.Social.BitBucket.Models.BitBucketCommit.Date">
            <summary>
            The date of the commit.
            </summary>
        </member>
        <member name="P:Skybrud.Social.BitBucket.Models.BitBucketCommit.Message">
            <summary>
            The commit message specified by the author.
            </summary>
        </member>
        <member name="P:Skybrud.Social.BitBucket.Models.BitBucketCommit.Repository">
            <summary>
            Brief information of the repository.
            </summary>
        </member>
        <member name="P:Skybrud.Social.BitBucket.Models.BitBucketCommit.Author">
            <summary>
            Brief information about the author of the commit.
            </summary>
        </member>
        <member name="P:Skybrud.Social.BitBucket.Models.BitBucketCommit.Links">
            <summary>
            A collection of links related to the commit.
            </summary>
        </member>
        <member name="M:Skybrud.Social.BitBucket.Models.BitBucketCommit.Parse(Newtonsoft.Json.Linq.JObject)">
            <summary>
            Parses the specified <code>JObject</code> and returns an instance of <code>BitBucketCommit</code> if
            successful.
            </summary>
            <param name="obj">The <code>JObject</code> representing the user.</param>
        </member>
        <member name="M:Skybrud.Social.BitBucket.Models.BitBucketLink.Parse(Newtonsoft.Json.Linq.JObject)">
            <summary>
            Parses the specified <code>obj</code> into an instance of <see cref="T:Skybrud.Social.BitBucket.Models.BitBucketLink"/>.
            </summary>
            <param name="obj">The instance of <see cref="T:Newtonsoft.Json.Linq.JObject"/> to be parsed.</param>
            <returns>Returns an instance of <see cref="T:Skybrud.Social.BitBucket.Models.BitBucketLink"/>.</returns>
        </member>
        <member name="T:Skybrud.Social.BitBucket.Models.BitBucketObject">
            <summary>
            Class representing a basic object from the BitBucket API derived from an instance of <code>JObject</code>.
            </summary>
        </member>
        <member name="P:Skybrud.Social.BitBucket.Models.BitBucketObject.JObject">
            <summary>
            Gets the internal <code>JObject</code> the object was created from.
            </summary>
        </member>
        <member name="M:Skybrud.Social.BitBucket.Models.BitBucketObject.#ctor(Newtonsoft.Json.Linq.JObject)">
            <summary>
            Initializes a new instance from the specified <code>obj</code>.
            </summary>
            <param name="obj">The instance of <code>JObject</code> representing the object.</param>
        </member>
        <member name="P:Skybrud.Social.BitBucket.Models.BitBucketRepositoryInfo.FullName">
            <summary>
            The full name of the repository. The full name can be described as "{accountName}/{repoSlug}".
            </summary>
        </member>
        <member name="P:Skybrud.Social.BitBucket.Models.BitBucketRepositoryInfo.Links">
            <summary>
            A collection of links related to the repository.
            </summary>
        </member>
        <member name="P:Skybrud.Social.BitBucket.Models.BitBucketRepositoryInfo.LinkSelf">
            <summary>
            A link poiting to the user's profile in the API.
            </summary>
        </member>
        <member name="P:Skybrud.Social.BitBucket.Models.BitBucketRepositoryInfo.LinkHtml">
            <summary>
            A link pointing to the user's profile at the BitBucket website.
            </summary>
        </member>
        <member name="T:Skybrud.Social.BitBucket.Models.Users.BitBucketUser">
            <summary>
            Class describing a BitBucket user.
            </summary>
        </member>
        <member name="P:Skybrud.Social.BitBucket.Models.Users.BitBucketUser.Username">
            <summary>
            Gets the username of the user.
            </summary>
        </member>
        <member name="P:Skybrud.Social.BitBucket.Models.Users.BitBucketUser.Website">
            <summary>
            Gets the website of the user.
            </summary>
        </member>
        <member name="P:Skybrud.Social.BitBucket.Models.Users.BitBucketUser.DisplayName">
            <summary>
            Gets the display name of the user.
            </summary>
        </member>
        <member name="P:Skybrud.Social.BitBucket.Models.Users.BitBucketUser.CreatedOn">
            <summary>
            Gets the timestamp for when the user was created.
            </summary>
        </member>
        <member name="P:Skybrud.Social.BitBucket.Models.Users.BitBucketUser.Location">
            <summary>
            Gets the location of the user.
            </summary>
        </member>
        <member name="P:Skybrud.Social.BitBucket.Models.Users.BitBucketUser.Type">
            <summary>
            Gets the type of the user. According to the BitBucket documentation, this will always be <code>user</code>.
            </summary>
        </member>
        <member name="M:Skybrud.Social.BitBucket.Models.Users.BitBucketUser.Parse(Newtonsoft.Json.Linq.JObject)">
            <summary>
            Parses the specified <code>obj</code> into an instance of <see cref="T:Skybrud.Social.BitBucket.Models.Users.BitBucketUser"/>.
            </summary>
            <param name="obj">The instance of <see cref="T:Newtonsoft.Json.Linq.JObject"/> to be parsed.</param>
            <returns>Returns an instance of <see cref="T:Skybrud.Social.BitBucket.Models.Users.BitBucketUser"/>.</returns>
        </member>
        <member name="T:Skybrud.Social.BitBucket.Models.Users.BitBucketUserEmail">
            <summary>
            Class describing an email as added by a BitBucket user.
            </summary>
        </member>
        <member name="P:Skybrud.Social.BitBucket.Models.Users.BitBucketUserEmail.IsPrimary">
            <summary>
            Gets whether the email address has been selected as the primary of the user.
            </summary>
        </member>
        <member name="P:Skybrud.Social.BitBucket.Models.Users.BitBucketUserEmail.IsConfirmed">
            <summary>
            Gets whether the email address has been confirmed by the user.
            </summary>
        </member>
        <member name="P:Skybrud.Social.BitBucket.Models.Users.BitBucketUserEmail.Type">
            <summary>
            Gets the type of the email address. The BitBucket documentation doesn't explain the value of this property,
            but it will probably always just <code>email</code>.
            </summary>
        </member>
        <member name="P:Skybrud.Social.BitBucket.Models.Users.BitBucketUserEmail.Email">
            <summary>
            Gets the email address.
            </summary>
        </member>
        <member name="M:Skybrud.Social.BitBucket.Models.Users.BitBucketUserEmail.Parse(Newtonsoft.Json.Linq.JObject)">
            <summary>
            Parses the specified <code>obj</code> into an instance of <see cref="T:Skybrud.Social.BitBucket.Models.Users.BitBucketUserEmail"/>.
            </summary>
            <param name="obj">The instance of <see cref="T:Newtonsoft.Json.Linq.JObject"/> to be parsed.</param>
            <returns>Returns an instance of <see cref="T:Skybrud.Social.BitBucket.Models.Users.BitBucketUserEmail"/>.</returns>
        </member>
        <member name="T:Skybrud.Social.BitBucket.Models.Users.BitBucketUserEmailsCollection">
            <summary>
            Class describing a BitBucket user.
            </summary>
        </member>
        <member name="P:Skybrud.Social.BitBucket.Models.Users.BitBucketUserEmailsCollection.PageLength">
            <summary>
            Gets the maximum amount of email addresses listed on each page.
            </summary>
        </member>
        <member name="P:Skybrud.Social.BitBucket.Models.Users.BitBucketUserEmailsCollection.Values">
            <summary>
            Gets an array of email addresses on the returned page.
            </summary>
        </member>
        <member name="P:Skybrud.Social.BitBucket.Models.Users.BitBucketUserEmailsCollection.Page">
            <summary>
            Gets the page number.
            </summary>
        </member>
        <member name="P:Skybrud.Social.BitBucket.Models.Users.BitBucketUserEmailsCollection.Size">
            <summary>
            Gets the total amount of email addresses added by the user.
            </summary>
        </member>
        <member name="P:Skybrud.Social.BitBucket.Models.Users.BitBucketUserEmailsCollection.Previous">
            <summary>
            Gets the URL for the previous page if not the first page, otherwiser <code>null</code>.
            </summary>
        </member>
        <member name="P:Skybrud.Social.BitBucket.Models.Users.BitBucketUserEmailsCollection.HasPrevious">
            <summary>
            Gets whether there is a previous page.
            </summary>
        </member>
        <member name="P:Skybrud.Social.BitBucket.Models.Users.BitBucketUserEmailsCollection.Next">
            <summary>
            Gets the URL for the next page if there are more pages.
            </summary>
        </member>
        <member name="P:Skybrud.Social.BitBucket.Models.Users.BitBucketUserEmailsCollection.HasNext">
            <summary>
            Gets whether there is a next page, otherwise <code>null</code>.
            </summary>
        </member>
        <member name="M:Skybrud.Social.BitBucket.Models.Users.BitBucketUserEmailsCollection.Parse(Newtonsoft.Json.Linq.JObject)">
            <summary>
            Parses the specified <code>obj</code> into an instance of <see cref="T:Skybrud.Social.BitBucket.Models.Users.BitBucketUserEmailsCollection"/>.
            </summary>
            <param name="obj">The instance of <see cref="T:Newtonsoft.Json.Linq.JObject"/> to be parsed.</param>
            <returns>Returns an instance of <see cref="T:Skybrud.Social.BitBucket.Models.Users.BitBucketUserEmailsCollection"/>.</returns>
        </member>
        <member name="T:Skybrud.Social.BitBucket.Models.Users.BitBucketUserLinkCollection">
            <summary>
            Class representing the <code>links</code> object/collection of a BitBucket user.
            </summary>
        </member>
        <member name="M:Skybrud.Social.BitBucket.Models.Users.BitBucketUserLinkCollection.Parse(Newtonsoft.Json.Linq.JObject)">
            <summary>
            Parses the specified <code>obj</code> into an instance of <see cref="T:Skybrud.Social.BitBucket.Models.Users.BitBucketUserLinkCollection"/>.
            </summary>
            <param name="obj">The instance of <see cref="T:Newtonsoft.Json.Linq.JObject"/> to be parsed.</param>
            <returns>Returns an instance of <see cref="T:Skybrud.Social.BitBucket.Models.Users.BitBucketUserLinkCollection"/>.</returns>
        </member>
        <member name="T:Skybrud.Social.BitBucket.OAuth.BitBucketOAuthClient">
            <summary>
            Class for handling the communication with the BitBucket API. The class has methods for handling OAuth logins
            using a three-legged approach as well as logic for calling the methods decribed in the BitBucket API (not all
            has been implemented yet).
            </summary>
        </member>
        <member name="P:Skybrud.Social.BitBucket.OAuth.BitBucketOAuthClient.Branches">
            <summary>
            Gets a reference to the raw branches endpoint.
            </summary>
        </member>
        <member name="P:Skybrud.Social.BitBucket.OAuth.BitBucketOAuthClient.User">
            <summary>
            Gets a reference to the raw user endpoint.
            </summary>
        </member>
        <member name="P:Skybrud.Social.BitBucket.OAuth.BitBucketOAuthClient.Users">
            <summary>
            Gets a reference to the raw users endpoint.
            </summary>
        </member>
        <member name="P:Skybrud.Social.BitBucket.OAuth.BitBucketOAuthClient.Repositories">
            <summary>
            Gets a reference to the raw repositories endpoint.
            </summary>
        </member>
        <member name="M:Skybrud.Social.BitBucket.OAuth.BitBucketOAuthClient.PrepareHttpRequest(Skybrud.Social.Http.SocialHttpRequest)">
            <summary>
            Method responsible for updating the request with information specific to the BitBucket implementation.
            </summary>
            <param name="request">The request.</param>
        </member>
        <member name="P:Skybrud.Social.BitBucket.Options.BitBucketCommitsOptions.Page">
            <summary>
            Gets or sets the page to be returned.
            </summary>
        </member>
        <member name="P:Skybrud.Social.BitBucket.Options.BitBucketCommitsOptions.PageLength">
            <summary>
            Gets or sets the amount of commits to returned on each page.
            </summary>
        </member>
        <member name="T:Skybrud.Social.BitBucket.Options.Repositories.BitBucketGetRepositoriesOptions">
            <summary>
            Class representing the options for getting a list of repositories of a BitBucket user.
            </summary>
        </member>
        <member name="P:Skybrud.Social.BitBucket.Options.Repositories.BitBucketGetRepositoriesOptions.Username">
            <summary>
            Gets or sets the username of the user.
            </summary>
        </member>
        <member name="P:Skybrud.Social.BitBucket.Options.Repositories.BitBucketGetRepositoriesOptions.Page">
            <summary>
            Gets or sets the page to be returned.
            </summary>
        </member>
        <member name="P:Skybrud.Social.BitBucket.Options.Repositories.BitBucketGetRepositoriesOptions.PageLength">
            <summary>
            Gets or sets the amount of repositories to returned on each page. Although not documented, the maximum page
            length seems to be <code>100</code>.
            </summary>
        </member>
        <member name="P:Skybrud.Social.BitBucket.Options.Repositories.BitBucketGetRepositoriesOptions.SortField">
            <summary>
            Gets or sets the field that the repositories should be sorted by. The API documentation doesn't specify a
            default sort order, so this is represented by <see cref="F:Skybrud.Social.BitBucket.Models.Repositories.BitBucketRepositoryField.Unspecified"/>.
            </summary>
        </member>
        <member name="P:Skybrud.Social.BitBucket.Options.Repositories.BitBucketGetRepositoriesOptions.SortOrder">
            <summary>
            Gets or sets the order by which the repositories should be sorted. Default is <see cref="F:Skybrud.Social.BitBucket.Models.Common.BitBucketSortOrder.Ascending"/>.
            </summary>
        </member>
        <member name="M:Skybrud.Social.BitBucket.Options.Repositories.BitBucketGetRepositoriesOptions.#ctor">
            <summary>
            Initializes a new instance with default options.
            </summary>
        </member>
        <member name="M:Skybrud.Social.BitBucket.Options.Repositories.BitBucketGetRepositoriesOptions.#ctor(System.String)">
            <summary>
            Initializes a new instance with default options.
            </summary>
        </member>
        <member name="T:Skybrud.Social.BitBucket.Options.Branches.BitBucketGetBranchesOptions">
            <summary>
            Class representing the options for getting a list of branches.
            </summary>
        </member>
        <member name="P:Skybrud.Social.BitBucket.Options.Branches.BitBucketGetBranchesOptions.Username">
            <summary>
            Gets or sets the username of the user/organisation owning the repository.
            </summary>
        </member>
        <member name="P:Skybrud.Social.BitBucket.Options.Branches.BitBucketGetBranchesOptions.RepoSlug">
            <summary>
            Gets or sets the alias/slug of the repository.
            </summary>
        </member>
        <member name="P:Skybrud.Social.BitBucket.Options.Branches.BitBucketGetBranchesOptions.Page">
            <summary>
            Gets or sets the page to be returned.
            </summary>
        </member>
        <member name="P:Skybrud.Social.BitBucket.Options.Branches.BitBucketGetBranchesOptions.PageLength">
            <summary>
            Gets or sets the maximum amount of branches to returned on each page. Although not documented, the maximum page
            length seems to be <code>100</code>.
            </summary>
        </member>
        <member name="M:Skybrud.Social.BitBucket.Options.Branches.BitBucketGetBranchesOptions.#ctor">
            <summary>
            Initializes a new instance with default options.
            </summary>
        </member>
        <member name="M:Skybrud.Social.BitBucket.Options.Branches.BitBucketGetBranchesOptions.#ctor(System.String,System.String)">
            <summary>
            Initializes a new instance based on the specified <paramref name="username"/> and <paramref name="repoSlug"/>.
            </summary>
            <param name="username">The username of the user/organisation owning the repository.</param>
            <param name="repoSlug">The alias/slug of the repository.</param>
        </member>
        <member name="M:Skybrud.Social.BitBucket.Options.Branches.BitBucketGetBranchesOptions.#ctor(System.String,System.String,System.Int32)">
            <summary>
            Initializes a new instance based on the specified <paramref name="username"/>, <paramref name="repoSlug"/> and <paramref name="page"/>.
            </summary>
            <param name="username">The username of the user/organisation owning the repository.</param>
            <param name="repoSlug">The alias/slug of the repository.</param>
            <param name="page">The page to be returned.</param>
        </member>
        <member name="M:Skybrud.Social.BitBucket.Options.Branches.BitBucketGetBranchesOptions.#ctor(System.String,System.String,System.Int32,System.Int32)">
            <summary>
            Initializes a new instance based on the specified <paramref name="username"/>, <paramref name="repoSlug"/>, <paramref name="page"/> and <paramref name="pageLength"/>.
            </summary>
            <param name="username">The username of the user/organisation owning the repository.</param>
            <param name="repoSlug">The alias/slug of the repository.</param>
            <param name="page">The page to be returned.</param>
            <param name="pageLength">The maximum amount of branches to returned on each page. Although not documented,
            the maximum page length seems to be <code>100</code>.</param>
        </member>
        <member name="M:Skybrud.Social.BitBucket.Options.Branches.BitBucketGetBranchesOptions.GetQueryString">
            <summary>
            Generates an instance of <see cref="T:Skybrud.Social.Interfaces.Http.IHttpQueryString"/> representing the options.
            </summary>
            <returns>An instance of <see cref="T:Skybrud.Social.Interfaces.Http.IHttpQueryString"/>.</returns>
        </member>
        <member name="T:Skybrud.Social.BitBucket.Responses.BitBucketResponse">
            <summary>
            Class representing a response from the BitBucket API.
            </summary>
        </member>
        <member name="M:Skybrud.Social.BitBucket.Responses.BitBucketResponse.ValidateResponse(Skybrud.Social.Http.SocialHttpResponse)">
            <summary>
            Validates the specified <code>response</code>.
            </summary>
            <param name="response">The response to be validated.</param>
        </member>
        <member name="T:Skybrud.Social.BitBucket.Responses.BitBucketResponse`1">
            <summary>
            Class representing a response from the BitBucket API.
            </summary>
        </member>
        <member name="P:Skybrud.Social.BitBucket.Responses.BitBucketResponse`1.Body">
            <summary>
            Gets the body of the response.
            </summary>
        </member>
        <member name="T:Skybrud.Social.BitBucket.Responses.Branches.BitBucketGetBranchResponse">
            <summary>
            Class representing a response with a information about a single branch.
            </summary>
        </member>
        <member name="M:Skybrud.Social.BitBucket.Responses.Branches.BitBucketGetBranchResponse.ParseResponse(Skybrud.Social.Http.SocialHttpResponse)">
            <summary>
            Parses the specified <paramref name="response"/> into an instance of <see cref="T:Skybrud.Social.BitBucket.Responses.Branches.BitBucketGetBranchResponse"/>.
            </summary>
            <param name="response">The instance of <see cref="T:Skybrud.Social.Http.SocialHttpResponse"/> representing the raw response.</param>
            <returns>An instance of <see cref="T:Skybrud.Social.BitBucket.Responses.Branches.BitBucketGetBranchResponse"/> representing the response.</returns>
        </member>
        <member name="T:Skybrud.Social.BitBucket.Responses.Branches.BitBucketGetBranchesResponse">
            <summary>
            Class representing a response with a collection of branches.
            </summary>
        </member>
        <member name="M:Skybrud.Social.BitBucket.Responses.Branches.BitBucketGetBranchesResponse.ParseResponse(Skybrud.Social.Http.SocialHttpResponse)">
            <summary>
            Parses the specified <paramref name="response"/> into an instance of <see cref="T:Skybrud.Social.BitBucket.Responses.Branches.BitBucketGetBranchesResponse"/>.
            </summary>
            <param name="response">The instance of <see cref="T:Skybrud.Social.Http.SocialHttpResponse"/> representing the raw response.</param>
            <returns>An instance of <see cref="T:Skybrud.Social.BitBucket.Responses.Branches.BitBucketGetBranchesResponse"/> representing the response.</returns>
        </member>
        <member name="T:Skybrud.Social.BitBucket.Responses.Repositories.BitBucketGetRepositoriesResponse">
            <summary>
            Class representing a response of a list of repositories of a BitBucket user/organization.
            </summary>
        </member>
        <member name="M:Skybrud.Social.BitBucket.Responses.Repositories.BitBucketGetRepositoriesResponse.ParseResponse(Skybrud.Social.Http.SocialHttpResponse)">
            <summary>
            Parses the specified <paramref name="response"/> into an instance of <see cref="T:Skybrud.Social.BitBucket.Responses.Repositories.BitBucketGetRepositoriesResponse"/>.
            </summary>
            <param name="response">The response to be parsed.</param>
            <returns>An instance of <see cref="T:Skybrud.Social.BitBucket.Responses.Repositories.BitBucketGetRepositoriesResponse"/>.</returns>
        </member>
        <member name="T:Skybrud.Social.BitBucket.Responses.Users.BitBucketGetUserEmailsResponse">
            <summary>
            Class representing the response of a call to get information about a given user.
            </summary>
        </member>
        <member name="M:Skybrud.Social.BitBucket.Responses.Users.BitBucketGetUserEmailsResponse.ParseResponse(Skybrud.Social.Http.SocialHttpResponse)">
            <summary>
            Parses the specified <code>response</code> into an instance of <see cref="T:Skybrud.Social.BitBucket.Responses.Users.BitBucketGetUserEmailsResponse"/>.
            </summary>
            <param name="response">The response to be parsed.</param>
            <returns>Returns an instance of <see cref="T:Skybrud.Social.BitBucket.Responses.Users.BitBucketGetUserResponse"/>.</returns>
        </member>
        <member name="T:Skybrud.Social.BitBucket.Responses.Users.BitBucketGetUserResponse">
            <summary>
            Class representing the response of a call to get information about a given user.
            </summary>
        </member>
        <member name="M:Skybrud.Social.BitBucket.Responses.Users.BitBucketGetUserResponse.ParseResponse(Skybrud.Social.Http.SocialHttpResponse)">
            <summary>
            Parses the specified <code>response</code> into an instance of <see cref="T:Skybrud.Social.BitBucket.Responses.Users.BitBucketGetUserResponse"/>.
            </summary>
            <param name="response">The response to be parsed.</param>
            <returns>Returns an instance of <see cref="T:Skybrud.Social.BitBucket.Responses.Users.BitBucketGetUserResponse"/>.</returns>
        </member>
    </members>
</doc>
